博文ID,用户ID,用户名,性别,主页Url,关注数,粉丝数,微博数
4510702671642258,5208355216,3言不及私3,女,https://m.weibo.cn/u/5208355216?uid=5208355216&luicode=10000011&lfid=100103type%3D2%26q%3D%E5%BF%AB%E4%B9%90%E5%A4%A7%E6%9C%AC%E8%90%A5,135,5,4629
4510702221545618,2041651771,白夜飛行家,女,https://m.weibo.cn/u/2041651771?uid=2041651771&luicode=10000011&lfid=100103type%3D2%26q%3D%E5%BF%AB%E4%B9%90%E5%A4%A7%E6%9C%AC%E8%90%A5,458,147702,4547
4510701646810668,2360201675,综艺影视君,女,https://m.weibo.cn/u/2360201675?uid=2360201675&luicode=10000011&lfid=100103type%3D2%26q%3D%E5%BF%AB%E4%B9%90%E5%A4%A7%E6%9C%AC%E8%90%A5,87,45445,5062
4510701337285796,1784638552,VKSoul,女,https://m.weibo.cn/u/1784638552?uid=1784638552&luicode=10000011&lfid=100103type%3D2%26q%3D%E5%BF%AB%E4%B9%90%E5%A4%A7%E6%9C%AC%E8%90%A5,40,430,267
4510700896920125,6294499483,L盅时,女,https://m.weibo.cn/u/6294499483?uid=6294499483&luicode=10000011&lfid=100103type%3D2%26q%3D%E5%BF%AB%E4%B9%90%E5%A4%A7%E6%9C%AC%E8%90%A5,706,99,243
4510700750705652,6011480229,喵爱吃鱼A,男,https://m.weibo.cn/u/6011480229?uid=6011480229&luicode=10000011&lfid=100103type%3D2%26q%3D%E5%BF%AB%E4%B9%90%E5%A4%A7%E6%9C%AC%E8%90%A5,515,2644,6902
4510700749916301,3025894563,沈醉小西,女,https://m.weibo.cn/u/3025894563?uid=3025894563&luicode=10000011&lfid=100103type%3D2%26q%3D%E5%BF%AB%E4%B9%90%E5%A4%A7%E6%9C%AC%E8%90%A5,351,236,3252
4510700742050530,5558251202,-尤炸浅浅-,女,https://m.weibo.cn/u/5558251202?uid=5558251202&luicode=10000011&lfid=100103type%3D2%26q%3D%E5%BF%AB%E4%B9%90%E5%A4%A7%E6%9C%AC%E8%90%A5,832,1945,684
4510700666829924,2695377883,游鱼论,男,https://m.weibo.cn/u/2695377883?uid=2695377883&luicode=10000011&lfid=100103type%3D2%26q%3D%E5%BF%AB%E4%B9%90%E5%A4%A7%E6%9C%AC%E8%90%A5,1064,843191,4234
4510700385138997,5693930811,麻辣鸡筋的朋友圈,女,https://m.weibo.cn/u/5693930811?uid=5693930811&luicode=10000011&lfid=100103type%3D2%26q%3D%E5%BF%AB%E4%B9%90%E5%A4%A7%E6%9C%AC%E8%90%A5,514,94,351
4510702671642258,5208355216,3言不及私3,女,https://m.weibo.cn/u/5208355216?uid=5208355216&luicode=10000011&lfid=100103type%3D2%26q%3D%E5%BF%AB%E4%B9%90%E5%A4%A7%E6%9C%AC%E8%90%A5,135,5,4629
4510702221545618,2041651771,白夜飛行家,女,https://m.weibo.cn/u/2041651771?uid=2041651771&luicode=10000011&lfid=100103type%3D2%26q%3D%E5%BF%AB%E4%B9%90%E5%A4%A7%E6%9C%AC%E8%90%A5,458,147702,4547
4510701646810668,2360201675,综艺影视君,女,https://m.weibo.cn/u/2360201675?uid=2360201675&luicode=10000011&lfid=100103type%3D2%26q%3D%E5%BF%AB%E4%B9%90%E5%A4%A7%E6%9C%AC%E8%90%A5,87,45445,5062
4510701337285796,1784638552,VKSoul,女,https://m.weibo.cn/u/1784638552?uid=1784638552&luicode=10000011&lfid=100103type%3D2%26q%3D%E5%BF%AB%E4%B9%90%E5%A4%A7%E6%9C%AC%E8%90%A5,40,430,267
4510700896920125,6294499483,L盅时,女,https://m.weibo.cn/u/6294499483?uid=6294499483&luicode=10000011&lfid=100103type%3D2%26q%3D%E5%BF%AB%E4%B9%90%E5%A4%A7%E6%9C%AC%E8%90%A5,706,99,243
4510700750705652,6011480229,喵爱吃鱼A,男,https://m.weibo.cn/u/6011480229?uid=6011480229&luicode=10000011&lfid=100103type%3D2%26q%3D%E5%BF%AB%E4%B9%90%E5%A4%A7%E6%9C%AC%E8%90%A5,515,2644,6902
4510700749916301,3025894563,沈醉小西,女,https://m.weibo.cn/u/3025894563?uid=3025894563&luicode=10000011&lfid=100103type%3D2%26q%3D%E5%BF%AB%E4%B9%90%E5%A4%A7%E6%9C%AC%E8%90%A5,351,236,3252
4510700742050530,5558251202,-尤炸浅浅-,女,https://m.weibo.cn/u/5558251202?uid=5558251202&luicode=10000011&lfid=100103type%3D2%26q%3D%E5%BF%AB%E4%B9%90%E5%A4%A7%E6%9C%AC%E8%90%A5,832,1945,684
4510700666829924,2695377883,游鱼论,男,https://m.weibo.cn/u/2695377883?uid=2695377883&luicode=10000011&lfid=100103type%3D2%26q%3D%E5%BF%AB%E4%B9%90%E5%A4%A7%E6%9C%AC%E8%90%A5,1064,843191,4234
4510700385138997,5693930811,麻辣鸡筋的朋友圈,女,https://m.weibo.cn/u/5693930811?uid=5693930811&luicode=10000011&lfid=100103type%3D2%26q%3D%E5%BF%AB%E4%B9%90%E5%A4%A7%E6%9C%AC%E8%90%A5,514,94,351
4510700380687287,6973999592,酸甜泡腾片,女,https://m.weibo.cn/u/6973999592?uid=6973999592&luicode=10000011&lfid=100103type%3D2%26q%3D%E5%BF%AB%E4%B9%90%E5%A4%A7%E6%9C%AC%E8%90%A5,144,8,124
4510700188397565,1501563482,明星娱乐新闻,女,https://m.weibo.cn/u/1501563482?uid=1501563482&luicode=10000011&lfid=100103type%3D2%26q%3D%E5%BF%AB%E4%B9%90%E5%A4%A7%E6%9C%AC%E8%90%A5,1790,1606654,5892
4510699985892120,6069787217,橘子电影Movie,男,https://m.weibo.cn/u/6069787217?uid=6069787217&luicode=10000011&lfid=100103type%3D2%26q%3D%E5%BF%AB%E4%B9%90%E5%A4%A7%E6%9C%AC%E8%90%A5,492,4259351,17431
4510699379092488,2266544274,无敌可爱的旭酱,女,https://m.weibo.cn/u/2266544274?uid=2266544274&luicode=10000011&lfid=100103type%3D2%26q%3D%E5%BF%AB%E4%B9%90%E5%A4%A7%E6%9C%AC%E8%90%A5,211,165,499
4510699328870360,5851806186,帆帆帆-xxxx-,女,https://m.weibo.cn/u/5851806186?uid=5851806186&luicode=10000011&lfid=100103type%3D2%26q%3D%E5%BF%AB%E4%B9%90%E5%A4%A7%E6%9C%AC%E8%90%A5,38,19,43
4510699247967197,2948903281,牛芝牛芝,女,https://m.weibo.cn/u/2948903281?uid=2948903281&luicode=10000011&lfid=100103type%3D2%26q%3D%E5%BF%AB%E4%B9%90%E5%A4%A7%E6%9C%AC%E8%90%A5,216,854,188
4510698917484525,2268846230,OneMoreOrange,女,https://m.weibo.cn/u/2268846230?uid=2268846230&luicode=10000011&lfid=100103type%3D2%26q%3D%E5%BF%AB%E4%B9%90%E5%A4%A7%E6%9C%AC%E8%90%A5,1298,446,7295
4510698854648589,1853829315,LUOLUO是个宝,女,https://m.weibo.cn/u/1853829315?uid=1853829315&luicode=10000011&lfid=100103type%3D2%26q%3D%E5%BF%AB%E4%B9%90%E5%A4%A7%E6%9C%AC%E8%90%A5,431,460,2691
4510697998528200,6274086277,Casulal,女,https://m.weibo.cn/u/6274086277?uid=6274086277&luicode=10000011&lfid=100103type%3D2%26q%3D%E5%BF%AB%E4%B9%90%E5%A4%A7%E6%9C%AC%E8%90%A5,705,313,3708
4510697989630870,2052658607,青青梓穆,女,https://m.weibo.cn/u/2052658607?uid=2052658607&luicode=10000011&lfid=100103type%3D2%26q%3D%E5%BF%AB%E4%B9%90%E5%A4%A7%E6%9C%AC%E8%90%A5,70,19,1187
4510697818609096,6214703655,今天希希偷懒了吗,女,https://m.weibo.cn/u/6214703655?uid=6214703655&luicode=10000011&lfid=100103type%3D2%26q%3D%E5%BF%AB%E4%B9%90%E5%A4%A7%E6%9C%AC%E8%90%A5,515,4380,139
4510697780335839,3350974154,是小熠啵啵啊_,女,https://m.weibo.cn/u/3350974154?uid=3350974154&luicode=10000011&lfid=100103type%3D2%26q%3D%E5%BF%AB%E4%B9%90%E5%A4%A7%E6%9C%AC%E8%90%A5,1574,474,13246
4510697352754510,1851397621,古月JH,女,https://m.weibo.cn/u/1851397621?uid=1851397621&luicode=10000011&lfid=100103type%3D2%26q%3D%E5%BF%AB%E4%B9%90%E5%A4%A7%E6%9C%AC%E8%90%A5,352,993,4080
4510697222458376,6299553392,小夜想喝奶茶V-,女,https://m.weibo.cn/u/6299553392?uid=6299553392&luicode=10000011&lfid=100103type%3D2%26q%3D%E5%BF%AB%E4%B9%90%E5%A4%A7%E6%9C%AC%E8%90%A5,87,57,301
4510696984104915,2161520997,时光如梭的岁月,女,https://m.weibo.cn/u/2161520997?uid=2161520997&luicode=10000011&lfid=100103type%3D2%26q%3D%E5%BF%AB%E4%B9%90%E5%A4%A7%E6%9C%AC%E8%90%A5,145,9487,3183
4510696828972414,5629300541,酸奶和你我都要,女,https://m.weibo.cn/u/5629300541?uid=5629300541&luicode=10000011&lfid=100103type%3D2%26q%3D%E5%BF%AB%E4%B9%90%E5%A4%A7%E6%9C%AC%E8%90%A5,167,1054,8191
4510696464172357,5305571373,寥小妹,女,https://m.weibo.cn/u/5305571373?uid=5305571373&luicode=10000011&lfid=100103type%3D2%26q%3D%E5%BF%AB%E4%B9%90%E5%A4%A7%E6%9C%AC%E8%90%A5,94,64,101
4510696362691881,7385757224,搞笑绮,女,https://m.weibo.cn/u/7385757224?uid=7385757224&luicode=10000011&lfid=100103type%3D2%26q%3D%E5%BF%AB%E4%B9%90%E5%A4%A7%E6%9C%AC%E8%90%A5,361,304545,9822
4510696040256931,2984863602,奶茶要半糖的彤彤,女,https://m.weibo.cn/u/2984863602?uid=2984863602&luicode=10000011&lfid=100103type%3D2%26q%3D%E5%BF%AB%E4%B9%90%E5%A4%A7%E6%9C%AC%E8%90%A5,596,701,832
4510695619781383,7391862382,娱乐琰,女,https://m.weibo.cn/u/7391862382?uid=7391862382&luicode=10000011&lfid=100103type%3D2%26q%3D%E5%BF%AB%E4%B9%90%E5%A4%A7%E6%9C%AC%E8%90%A5,310,300514,7413
